{"offset": 528555.3333333334, "A": 0.0023111395723669553, "B": 0}