{
    "offset": 528555.3333333334,
    "A": 0.0023111395723669553,
    "B": 0,
    "overshoot_compensation": {
        "10": 0.1,
        "20": 0.1,
        "30": 0.3,
        "40": 0.9,
        "50": 1.1,
        "60": 1.3,
        "70": 1.8,
        "80": 2.0,
        "90": 2.7,
        "100": 3.5
    }
}